Per Capita GDP at current prices in US Dollars (all countries),,,,,,,,,,,,,,,,,,,,,,,,,,,,,,,,,,,,,,,,,,,,,,,,
,,,,,,,,,,,,,,,,,,,,,,,,,,,,,,,,,,,,,,,,,,,,,,,,
CountryID,Country,1970,1971,1972,1973,1974,1975,1976,1977,1978,1979,1980,1981,1982,1983,1984,1985,1986,1987,1988,1989,1990,1991,1992,1993,1994,1995,1996,1997,1998,1999,2000,2001,2002,2003,2004,2005,2006,2007,2008,2009,2010,2011,2012,2013,2014,2015,2016
4,Afghanistan,157,160,136,144,175,188,199,226,249,278,275,266,270,274,279,282,286,251,231,284,296,257,249,177,131,189,175,164,154,140,176,173,195,214,232,264,290,390,395,449,558,645,695,681,651,611,584
8,Albania,1.053,1.058,1.064,1.070,1.076,1.082,1.090,1.096,1.105,903,799,810,818,811,784,783,788,762,770,904,654,488,468,533,599,770,1.035,719,823,1.034,1.117,1.258,1.397,1.788,2.317,2.615,2.913,3.531,4.306,4.065,4.056,4.405,4.219,4.377,4.529,3.877,4.054
12,Algeria,354,359,467,584,816,931,1.033,1.187,1.448,1.770,2.185,2.219,2.192,2.294,2.413,2.564,2.707,2.690,2.385,2.191,2.383,1.754,1.807,1.830,1.493,1.452,1.592,1.608,1.585,1.577,1.753,1.743,1.776,2.094,2.599,3.100,3.465,3.935,4.905,3.869,4.463,5.432,5.565,5.472,5.466,4.160,3.917
20,Andorra,4.098,4.426,5.336,6.761,7.996,9.071,9.050,9.807,11.552,14.956,15.660,13.125,12.161,10.151,9.780,9.837,13.111,15.963,18.100,19.191,23.886,24.714,25.999,20.900,20.542,23.359,24.064,23.224,23.908,24.372,21.937,22.229,24.743,32.775,38.505,41.281,43.747,48.580,47.787,43.337,39.734,41.101,38.391,40.622,42.293,36.040,36.987
24,Angola,562,579,578,689,753,540,504,534,579,623,801,723,698,703,719,860,784,879,923,1.046,1.123,1.290,1.433,1.005,1.001,466,594,678,556,516,742,704,870,979,1.248,1.891,2.585,3.108,4.069,3.103,3.586,4.616,5.102,5.258,5.413,4.133,3.711
660,Anguilla,609,711,833,935,1.023,1.112,1.060,1.180,1.357,1.565,1.809,2.104,2.450,2.849,3.301,4.072,5.100,6.078,7.228,8.553,9.071,8.968,9.403,9.940,10.776,10.583,10.891,11.907,13.143,13.648,13.546,13.623,13.466,14.123,16.304,18.129,22.031,27.017,26.521,20.826,19.459,20.960,19.825,19.721,21.533,22.597,22.861
28,Antigua and Barbuda,505,604,815,1.118,1.178,1.193,982,1.109,1.248,1.533,1.831,2.082,2.326,2.614,2.996,3.508,4.221,4.970,5.945,6.586,6.889,7.157,7.297,7.652,8.219,7.841,8.380,8.755,9.115,9.363,9.378,9.097,9.303,9.623,10.179,11.372,12.724,14.252,14.703,13.012,12.127,11.929,12.565,12.225,12.947,13.659,14.462
32,Argentina,1.418,1.669,1.530,1.645,1.858,1.985,2.061,2.294,2.341,2.673,2.912,2.965,3.002,3.198,3.325,3.144,3.718,3.764,4.325,2.574,4.680,6.194,7.367,7.522,8.081,7.993,8.330,8.861,8.944,8.388,8.315,7.775,2.919,3.666,4.285,5.125,5.925,7.249,9.055,8.244,10.346,12.727,13.812,14.417,13.193,14.603,12.449
51,Armenia,,,,,,,,,,,,,,,,,,,,,652,600,364,348,383,426,538,558,649,637,664,741,835,992,1.271,1.753,2.301,3.347,4.276,3.193,3.432,3.761,3.685,3.844,3.995,3.618,3.615
533,Aruba,2.991,3.130,3.275,3.426,3.592,3.775,3.981,4.209,4.453,4.700,4.941,5.163,5.370,5.578,5.816,6.108,6.473,7.886,9.765,11.392,12.307,13.496,14.047,14.937,17.342,16.442,16.585,17.927,19.081,19.356,20.621,20.671,20.434,20.835,22.568,23.303,24.046,25.836,27.086,24.631,23.513,24.984,24.710,25.018,25.528,25.807,25.444
36,Australia,3.518,3.854,4.464,6.358,7.481,7.882,8.394,8.225,9.492,10.389,11.836,13.613,12.767,12.616,13.332,11.570,11.967,13.980,17.413,19.058,19.030,19.100,18.672,17.962,20.285,21.717,23.866,23.687,20.901,22.625,21.470,20.245,22.362,28.390,34.022,37.674,39.802,47.091,49.492,46.550,58.490,68.449,69.303,66.301,62.093,52.238,54.069
40,Austria,2.045,2.365,2.910,3.880,4.614,5.245,5.622,6.750,8.135,9.706,10.783,9.341,9.375,9.485,8.937,9.112,12.988,16.254,17.409,17.316,21.552,22.359,24.910,24.122,25.612,30.169,29.592,26.489,27.143,26.975,24.389,24.369,26.233,32.007,36.622,38.282,40.554,46.762,51.606,47.807,46.599,50.961,48.068,50.138,51.184,44.024,44.857
31,Azerbaijan,,,,,,,,,,,,,,,,,,,,,901,910,710,551,446,396,404,500,557,569,649,696,753,870,1.027,1.551,2.431,3.788,5.538,4.963,5.857,7.211,7.521,7.902,7.917,5.519,3.892
44,Bahamas,4.283,4.442,4.475,4.979,5.217,6.028,6.428,7.523,8.459,9.785,9.577,10.743,10.582,10.159,10.779,12.271,13.512,14.742,16.168,18.142,18.426,17.777,17.430,17.012,17.622,18.264,20.466,21.861,24.248,26.174,27.112,27.439,28.727,28.092,28.076,29.875,30.275,31.018,30.188,28.130,27.979,27.472,28.816,28.303,28.374,29.056,28.785
48,Bahrain,1.985,2.065,2.512,3.425,4.459,4.444,6.007,7.071,7.570,8.518,10.460,11.359,11.575,11.545,11.753,10.669,8.629,8.465,8.971,9.309,9.899,10.196,10.385,11.090,11.663,12.040,12.199,12.296,11.403,11.912,13.636,12.868,13.050,14.222,15.846,17.959,19.308,20.977,23.068,19.357,20.722,22.512,23.649,24.737,24.983,22.689,22.579
50,Bangladesh,95,84,92,99,116,119,129,133,166,186,205,203,180,178,204,206,211,234,246,260,265,277,276,279,290,319,328,332,338,347,346,339,345,372,396,402,481,543,616,679,753,802,828,974,1.086,1.206,1.355
52,Barbados,904,1.011,1.150,1.394,1.656,1.935,2.088,2.362,2.631,3.175,4.058,4.451,4.637,4.910,5.337,5.569,6.096,6.690,7.090,7.812,7.815,7.725,7.441,7.821,8.194,8.585,9.120,9.604,10.788,11.264,11.568,11.514,11.675,12.028,12.869,14.223,14.393,16.392,16.738,15.609,15.613,15.982,16.091,15.755,15.574,15.704,15.975
112,Belarus,,,,,,,,,,,,,,,,,,,,,1.915,1.949,1.803,1.709,1.546,1.416,1.487,1.451,1.572,1.260,1.087,1.297,1.542,1.897,2.479,3.254,4.001,4.920,6.623,5.376,6.042,6.523,6.935,7.968,8.309,5.952,5.001
56,Belgium,2.788,3.103,3.859,4.938,5.780,6.757,7.299,8.484,10.348,11.867,12.920,10.656,9.362,8.855,8.459,8.746,12.153,15.107,16.385,16.543,20.629,21.080,23.422,22.327,24.243,28.428,27.561,24.923,25.456,25.372,23.138,23.049,24.976,30.616,35.391,36.727,38.588,44.102,48.115,44.614,44.205,47.853,44.921,46.713,47.336,40.326,41.199
84,Belize,206,256,327,523,686,784,609,772,870,999,1.351,1.307,1.183,1.213,1.315,1.268,1.344,1.586,1.759,1.979,2.162,2.264,2.408,2.684,2.738,2.834,3.001,2.953,2.992,3.064,3.364,3.419,3.557,3.680,3.832,3.933,4.187,4.325,4.470,4.259,4.344,4.516,4.674,4.689,4.852,4.850,4.745
204,Benin,111,115,138,166,174,206,214,229,271,321,399,368,349,293,273,264,328,372,374,337,400,392,428,419,284,397,419,390,410,404,374,379,419,519,583,602,626,706,820,793,758,826,834,911,931,800,818
60,Bermuda,5.079,5.693,6.280,7.116,8.174,8.942,9.933,10.701,11.495,13.274,15.834,17.203,19.068,21.096,22.060,24.241,26.731,29.060,30.838,32.481,33.398,34.483,34.863,36.919,38.190,40.780,43.089,46.360,49.290,52.141,54.355,57.219,60.938,64.537,68.926,74.745,82.507,90.880,95.608,92.359,91.552,88.397,88.406,90.330,91.372,95.528,99.363
64,Bhutan,207,215,220,240,274,248,245,262,244,265,314,344,353,387,370,369,422,490,512,479,509,434,442,422,503,562,589,674,665,721,766,808,886,998,1.098,1.247,1.335,1.741,1.795,1.770,2.179,2.458,2.422,2.351,2.523,2.614,2.774
68,Bolivia (Plurinational State of),224,238,272,260,428,479,537,528,565,599,630,680,676,657,663,664,647,667,697,701,710,764,791,788,806,887,958,1.007,1.059,1.013,1.007,958,914,917,978,1.046,1.234,1.390,1.737,1.777,1.981,2.378,2.645,2.948,3.124,3.077,3.105
70,Bosnia and Herzegovina,,,,,,,,,,,,,,,,,,,,,1.737,1.399,1.117,888,714,529,747,1.034,1.156,1.278,1.511,1.577,1.826,2.305,2.753,2.968,3.404,4.181,5.078,4.701,4.615,5.054,4.722,5.043,5.204,4.584,4.808
72,Botswana,96,123,154,220,296,332,346,429,492,617,851,938,793,832,842,704,912,1.220,1.373,2.255,2.701,2.730,2.795,2.731,2.779,3.015,3.022,3.066,2.869,3.226,3.349,3.128,3.056,4.163,4.897,5.351,5.375,5.714,5.623,5.186,6.346,7.484,6.902,7.001,7.494,6.521,6.917
76,Brazil,369,402,506,699,875,1.004,1.159,1.317,1.461,1.573,1.577,1.819,1.881,1.312,1.322,1.381,1.627,1.749,1.917,2.560,2.724,2.491,2.346,2.590,3.635,4.794,5.152,5.261,5.017,3.439,3.722,3.155,2.842,3.063,3.623,4.770,5.860,7.314,8.788,8.553,11.224,13.167,12.292,12.217,12.027,8.757,8.649
92,British Virgin Islands,1.017,863,887,991,1.172,1.275,1.381,1.421,1.640,2.021,2.475,2.631,2.992,3.240,3.407,3.396,3.528,4.020,4.318,4.938,6.250,7.945,9.955,13.083,16.672,21.114,23.365,26.548,29.865,32.671,35.651,37.649,35.780,31.718,32.435,36.802,38.619,40.064,37.970,32.462,32.183,30.752,30.548,30.885,31.689,31.698,31.677
96,Brunei Darussalam,1.736,1.828,2.394,3.662,8.693,9.076,10.625,12.452,13.454,18.766,31.918,27.408,25.983,22.763,21.770,19.712,11.683,13.045,12.065,13.153,15.073,15.402,16.925,16.147,15.643,17.650,18.603,18.453,14.058,15.620,19.955,18.247,18.666,20.561,24.262,28.923,34.328,36.202,42.053,30.988,35.267,47.016,47.651,44.598,41.529,30.968,26.939
100,Bulgaria,1.058,1.040,1.209,1.434,1.551,1.363,1.439,1.467,1.584,1.063,1.221,1.396,1.513,1.623,1.735,1.837,1.953,2.127,2.449,2.472,2.344,958,1.092,1.391,1.262,1.723,1.219,1.363,1.798,1.674,1.645,1.775,2.069,2.689,3.352,3.857,4.476,5.869,7.245,6.959,6.835,7.806,7.373,7.674,7.855,6.994,7.465
854,Burkina Faso,80,80,101,114,124,145,136,161,203,267,283,256,230,205,178,203,259,294,316,308,356,350,365,338,195,238,252,232,258,267,227,237,261,332,371,407,421,475,570,553,575,667,674,700,704,575,627
108,Burundi,71,72,70,85,96,113,122,142,157,198,231,235,241,249,220,249,255,233,212,214,212,211,192,169,182,168,144,159,144,129,111,101,93,86,95,150,166,171,196,209,232,247,250,255,274,276,273
132,Cabo Verde,270,301,340,421,423,492,457,425,484,512,564,544,538,519,485,497,677,827,915,911,1.025,1.044,1.135,1.114,1.227,1.434,1.440,1.375,1.433,1.592,1.410,1.443,1.562,2.012,2.248,2.329,2.621,3.112,3.639,3.445,3.313,3.670,3.408,3.559,3.530,2.995,3.038
116,Cambodia,110,108,104,87,89,96,103,96,106,103,107,116,120,126,132,137,141,171,199,200,189,242,249,244,259,311,319,305,270,296,302,322,339,363,409,474,540,632,746,738,786,882,950,1.028,1.099,1.163,1.270
120,Cameroon,202,220,277,366,381,486,515,586,749,968,1.171,1.066,1.037,1.050,1.002,955,1.132,1.196,1.133,1.013,1.094,1.021,1.011,1.040,587,716,748,697,732,728,658,665,732,892,1.006,1.030,1.081,1.216,1.397,1.339,1.309,1.430,1.381,1.494,1.571,1.354,1.374
124,Canada,4.097,4.553,5.104,5.836,7.023,7.507,8.807,8.914,9.105,10.012,11.161,12.352,12.519,13.462,13.897,14.098,14.402,16.233,18.827,20.678,21.448,21.762,20.870,20.103,19.917,20.594,21.219,21.831,20.937,22.200,24.151,23.736,24.199,28.216,32.025,36.218,40.295,44.366,46.373,40.579,47.221,51.787,52.271,52.265,50.355,43.194,42.154
136,Cayman Islands,2.578,3.081,3.873,4.750,5.202,5.827,6.536,7.336,8.262,9.357,10.667,12.250,14.137,19.100,20.739,21.544,22.570,25.038,28.951,31.421,37.181,37.037,37.556,38.596,39.938,40.930,41.940,43.031,53.254,54.738,54.630,53.936,54.464,54.898,56.274,62.559,64.101,68.295,67.031,61.481,58.859,59.191,59.282,59.593,61.332,62.264,63.261
140,Central African Republic,151,158,177,204,208,274,319,351,412,461,510,443,404,345,321,344,435,456,471,449,513,478,477,421,273,348,307,279,281,284,255,254,265,300,328,342,366,410,468,461,457,506,498,348,389,359,394
148,Chad,98,104,106,114,130,184,169,168,196,174,175,201,184,192,202,194,232,255,289,264,308,296,299,252,198,235,254,234,258,216,189,224,251,331,517,664,715,779,932,819,824,943,1.102,1.051,1.082,835,780
152,Chile,1.012,1.189,1.261,1.766,1.684,771,1.036,1.383,1.569,2.081,2.727,3.220,2.266,1.840,1.796,1.559,1.648,1.892,2.171,2.435,2.637,2.965,3.528,3.689,4.161,5.253,5.446,5.873,5.556,5.045,5.134,4.626,4.487,4.816,6.214,7.615,9.485,10.527,10.781,10.243,12.860,14.706,15.432,15.941,14.817,13.653,13.794
156,China,109,115,126,152,155,172,163,179,223,268,307,289,280,297,301,292,278,297,364,400,340,349,412,512,461,594,694,767,815,860,947,1.041,1.138,1.279,1.496,1.747,2.087,2.672,3.425,3.788,4.461,5.501,6.232,6.968,7.578,8.036,7.993
344,"China, Hong Kong SAR",984,1.133,1.428,1.977,2.268,2.372,2.956,3.496,3.942,4.703,5.872,6.186,6.322,5.769,6.373,6.688,7.572,9.177,10.644,12.070,13.306,15.196,17.616,20.115,22.429,23.559,25.588,27.901,26.087,25.194,25.762,25.200,24.610,23.794,24.858,26.593,28.211,30.673,31.595,30.652,32.545,35.171,36.957,38.567,40.511,42.702,43.943
446,"China, Macao SAR",676,802,982,1.350,1.571,1.839,1.849,2.390,3.147,3.580,4.233,4.372,4.500,4.297,4.751,4.756,5.132,6.297,7.072,8.060,9.365,10.558,13.461,15.190,16.578,18.139,18.097,17.958,16.451,15.505,15.703,15.548,16.313,17.810,22.453,25.059,29.980,36.403,40.668,40.881,52.375,66.813,76.497,89.525,94.004,75.485,74.018
170,Colombia,462,489,531,614,721,748,856,1.062,1.240,1.457,1.702,1.813,1.897,1.844,1.782,1.590,1.560,1.590,1.681,1.662,1.661,1.669,1.755,1.995,2.588,2.946,3.044,3.291,2.994,2.584,2.472,2.396,2.356,2.245,2.740,3.386,3.709,4.674,5.434,5.148,6.251,7.228,7.885,8.031,7.913,6.045,5.806
174,Comoros,163,177,204,267,294,444,424,452,564,727,841,754,686,695,652,675,931,1.093,1.121,1.042,1.241,1.213,1.271,1.222,837,1.016,983,880,871,877,778,820,897,1.127,1.276,1.287,1.335,1.482,1.631,1.587,1.549,1.627,1.589,1.699,1.728,1.421,1.445
178,Congo,192,213,248,321,376,430,433,419,506,668,927,1.052,1.107,1.044,1.061,1.016,845,1.022,957,1.021,1.147,1.087,1.138,1.014,653,756,882,784,631,751,998,843,886,998,1.289,1.637,2.012,1.870,2.473,2.195,2.800,3.279,2.947,2.951,2.890,1.700,1.517
184,Cook Islands,478,476,498,652,779,782,758,910,1.094,1.284,1.447,1.507,1.512,1.487,1.534,1.591,2.037,2.574,3.257,3.268,3.624,3.914,4.006,4.442,5.247,5.588,5.677,5.288,4.681,5.059,5.056,5.252,5.946,7.979,9.142,9.262,9.538,11.682,12.151,11.379,13.758,15.682,16.788,16.972,18.056,16.350,16.698
188,Costa Rica,677,722,809,974,1.036,1.189,1.426,1.770,1.977,2.206,2.572,1.360,1.315,1.545,1.750,1.827,2.000,2.007,1.993,2.201,2.345,2.257,2.618,2.855,3.045,3.278,3.231,3.408,3.614,3.688,3.808,3.982,4.062,4.168,4.425,4.697,5.245,6.121,6.911,6.809,8.199,9.187,9.985,10.570,10.647,11.406,11.825
384,Côte d'Ivoire,286,291,326,422,487,589,673,864,1.042,1.152,1.227,973,837,725,696,683,862,915,898,905,969,907,914,819,590,764,810,759,796,771,640,657,711,866,920,932,952,1.066,1.242,1.218,1.220,1.228,1.251,1.424,1.567,1.421,1.552
191,Croatia,,,,,,,,,,,,,,,,,,,,,3.479,2.847,2.585,2.761,3.726,4.849,5.176,5.256,5.662,5.248,4.917,5.283,6.115,7.897,9.483,10.374,11.540,13.773,16.187,14.429,13.823,14.461,13.165,13.578,13.536,11.668,12.159
192,Cuba,653,780,901,1.088,1.224,1.380,1.445,1.474,1.837,2.003,2.025,2.039,2.111,2.228,2.400,2.273,2.383,2.455,2.645,2.577,2.707,2.280,2.058,2.072,2.622,2.790,2.282,2.303,2.326,2.553,2.741,2.832,2.994,3.193,3.391,3.779,4.669,5.184,5.376,5.485,5.676,6.122,6.426,6.760,7.050,7.609,7.815
531,Curaçao,,,,,,,,,,,,,,,,,,,,,,,,,,,,,,,,,,,,18.120,18.632,19.143,20.278,19.934,19.994,20.178,20.467,20.321,20.180,19.948,19.586
196,Cyprus,1.004,1.162,1.397,1.681,1.818,1.571,1.832,2.337,3.045,3.961,4.750,4.527,4.643,4.589,4.767,5.011,6.329,7.501,8.563,9.015,10.802,10.860,12.680,11.801,13.013,15.265,15.154,14.225,15.083,15.283,14.364,14.816,16.042,20.240,23.773,25.311,27.172,31.353,35.392,32.104,30.817,32.236,28.985,27.944,27.400,23.231,23.631
203,Czech Republic,,,,,,,,,,,,,,,,,,,,,3.899,2.857,3.338,3.905,4.571,5.748,6.451,5.960,6.429,6.279,5.974,6.560,7.969,9.698,11.619,13.257,15.072,18.232,22.564,19.618,19.648,21.568,19.588,19.765,19.608,17.619,18.406
200,Czechoslovakia (Former),1.135,1.181,1.346,1.580,1.682,1.842,1.802,2.563,2.802,2.992,3.116,3.297,3.315,3.286,2.967,2.963,3.473,3.892,3.839,3.758,3.653,,,,,,,,,,,,,,,,,,,,,,,,,,
408,D.P.R. of Korea,386,415,446,480,518,561,574,589,605,622,638,652,807,793,744,722,805,836,764,811,735,663,593,503,384,222,479,462,456,452,462,476,468,471,473,548,575,597,551,494,570,638,643,666,696,648,665
180,D.R. of the Congo,239,259,279,346,411,426,390,485,669,638,593,511,497,412,242,252,283,235,261,429,434,395,348,437,229,215,214,215,220,191,177,173,175,174,194,219,256,287,328,299,334,387,425,458,487,498,512
208,Denmark,3.463,3.847,4.655,6.125,6.776,7.995,8.773,9.767,11.813,13.747,13.881,12.073,11.792,11.846,11.553,12.252,17.221,21.381,22.558,21.911,26.891,27.008,29.568,27.587,29.966,35.356,35.707,32.881,33.392,33.441,30.734,30.756,33.248,40.486,46.527,48.779,51.960,58.396,64.273,58.128,57.967,61.618,58.308,60.943,62.323,52.964,53.730
262,Djibouti,414,441,501,588,688,699,752,726,717,786,839,853,867,857,880,868,872,832,818,783,774,768,783,780,821,808,771,743,731,766,775,788,799,827,864,905,965,1.048,1.186,1.211,1.254,1.334,1.424,1.553,1.742,1.873,2.007
212,Dominica,324,360,386,443,525,551,533,587,721,701,930,1.041,1.136,1.267,1.435,1.586,1.819,2.058,2.406,2.604,2.794,2.967,3.202,3.335,3.578,3.639,3.935,4.105,4.374,4.539,4.612,4.709,4.635,4.812,5.325,5.245,5.618,6.042,6.600,7.005,6.912,6.991,6.746,6.933,7.195,7.314,7.907
214,Dominican Republic,413,450,523,600,729,875,936,1.061,1.069,1.212,1.428,1.530,1.640,1.736,2.040,866,1.026,940,841,1.188,1.326,1.347,1.532,1.706,1.818,1.995,2.127,2.407,2.516,2.594,2.798,2.898,2.905,2.274,2.442,3.844,4.048,4.606,4.946,4.921,5.368,5.759,5.969,6.027,6.269,6.468,6.722
218,Ecuador,471,441,495,588,970,1.106,1.266,1.495,1.574,1.823,2.241,2.664,2.373,1.992,1.916,1.895,1.651,1.467,1.340,1.392,1.491,1.623,1.689,1.729,2.027,2.135,2.158,2.360,2.299,1.584,1.451,1.904,2.184,2.440,2.709,3.022,3.351,3.591,4.275,4.256,4.657,5.223,5.702,6.074,6.432,6.205,5.982
818,Egypt,232,241,252,256,296,324,374,466,558,363,456,298,340,398,442,474,480,516,547,586,627,667,763,826,905,1.032,1.139,1.233,1.293,1.339,1.369,1.274,1.192,1.001,1.050,1.230,1.378,1.662,2.036,2.279,2.552,2.690,3.115,2.988,3.235,3.388,2.823
222,El Salvador,280,287,299,337,389,432,538,662,697,765,779,743,759,847,960,1.164,816,916,1.069,1.243,914,997,1.103,1.267,1.458,1.693,1.819,1.944,2.078,2.140,2.238,2.339,2.408,2.520,2.633,2.835,3.063,3.305,3.507,3.366,3.474,3.737,3.828,3.896,3.989,4.127,4.224
226,Equatorial Guinea,68,72,71,94,105,134,144,163,186,208,218,194,214,223,209,246,298,349,372,333,398,389,445,424,339,427,649,1.200,967,1.555,2.459,3.451,4.077,5.324,7.755,11.250,12.732,15.762,22.742,16.530,17.136,21.452,21.558,20.247,19.246,10.717,8.742
232,Eritrea,,,,,,,,,,,,,,,,,,,,,107,123,140,163,204,207,240,247,251,240,208,215,202,233,287,277,298,317,326,431,482,583,678,753,854,987,1.093
233,Estonia,,,,,,,,,,,,,,,,,,,,,3.589,3.450,2.832,2.793,2.855,3.086,3.346,3.594,3.991,4.085,4.067,4.487,5.295,7.163,8.844,10.330,12.579,16.541,18.038,14.718,14.640,17.442,17.392,19.021,19.892,17.157,17.782
231,Ethiopia,,,,,,,,,,,,,,,,,,,,,233,257,198,138,129,132,139,140,123,113,121,116,109,117,133,159,190,234,308,330,300,338,457,490,556,632,687
230,Ethiopia (Former),85,87,92,104,114,110,118,132,139,150,156,160,160,170,195,221,223,231,218,216,225,249,195,139,,,,,,,,,,,,,,,,,,,,,,,
242,Fiji,424,465,584,769,989,1.188,1.185,1.204,1.363,1.643,1.897,1.901,1.789,1.641,1.684,1.605,1.799,1.634,1.538,1.734,1.838,1.884,2.062,2.171,2.388,2.570,2.695,2.678,2.099,2.442,2.105,2.066,2.289,2.871,3.374,3.627,3.718,4.047,4.177,3.369,3.652,4.353,4.547,4.763,5.062,4.890,5.197
246,Finland,2.444,2.685,3.146,4.134,5.256,6.218,6.699,7.034,7.607,9.300,11.213,10.913,10.926,10.492,10.827,11.385,14.925,18.528,21.992,23.921,28.326,25.474,22.325,17.598,20.270,26.215,25.716,24.618,25.935,26.125,24.198,24.853,26.769,32.726,37.537,38.873,41.031,48.201,53.338,47.071,46.181,50.782,47.424,49.660,49.931,42.401,43.339
530,Former Netherlands Antilles,1.490,1.597,1.794,1.992,2.485,2.928,3.264,3.683,4.485,5.306,5.857,6.697,7.092,6.976,6.965,7.024,9.030,9.364,9.643,10.765,11.302,11.814,12.361,13.174,14.196,14.734,15.575,16.272,16.685,16.806,17.426,17.865,18.222,18.830,19.322,18.852,19.559,20.253,21.422,21.115,21.290,20.967,21.310,,,,
250,France,2.862,3.174,3.857,4.966,5.318,6.673,6.846,7.513,9.246,11.168,12.709,11.107,10.502,10.002,9.430,9.773,13.554,16.319,17.691,17.699,21.789,21.681,23.828,22.396,23.491,26.853,26.800,24.132,24.835,24.535,22.262,22.364,24.142,29.567,33.787,34.843,36.539,41.597,45.391,41.577,40.629,43.718,40.754,42.494,42.924,36.504,36.826
258,French Polynesia,2.379,2.687,2.855,3.646,4.542,5.468,6.004,6.268,7.695,9.281,10.271,9.328,9.104,9.185,9.215,9.795,14.553,15.656,15.478,15.253,17.986,18.236,19.446,18.219,18.548,20.542,19.429,18.208,18.583,18.032,15.835,15.306,16.046,19.809,22.056,22.374,22.778,25.413,27.008,24.694,22.704,22.961,20.954,22.046,22.399,19.026,19.335
266,Gabon,695,803,889,1.465,3.071,4.206,5.741,5.241,4.356,5.393,7.435,6.543,5.975,5.458,5.580,5.589,5.149,4.904,4.781,5.004,6.343,6.147,6.196,5.833,4.406,5.081,5.689,5.210,4.281,4.299,4.611,4.105,4.174,4.937,5.750,6.827,7.142,8.353,10.094,7.367,7.854,10.005,9.089,9.370,9.283,7.077,7.002
270,Gambia,215,220,277,458,580,675,603,619,715,761,834,854,827,787,740,894,580,618,740,736,772,727,729,749,720,737,773,712,724,682,636,541,441,360,414,432,439,519,608,549,563,518,506,486,443,475,484
268,Georgia,,,,,,,,,,,,,,,,,,,,,1.563,1.279,736,543,506,539,619,719,749,587,648,689,734,872,1.131,1.429,1.745,2.317,2.948,2.511,2.750,3.461,3.858,3.989,4.135,3.541,3.651
276,Germany,2.737,3.161,3.785,5.028,5.621,6.197,6.571,7.601,9.386,11.191,12.091,10.207,9.925,9.870,9.296,9.390,13.391,16.569,17.815,17.706,22.308,23.401,26.525,25.689,27.257,31.898,30.748,27.223,27.524,26.999,23.929,23.924,25.477,30.674,34.502,35.035,36.820,42.287,46.252,42.213,42.241,46.429,43.717,46.176,47.744,41.313,42.456
288,Ghana,413,439,373,339,384,359,358,383,437,453,484,497,475,455,495,519,541,565,601,591,682,746,714,602,534,618,647,627,665,669,422,439,496,598,678,798,923,1.091,1.224,1.087,1.313,1.575,1.630,1.815,1.450,1.354,1.517
300,Greece,1.517,1.674,1.925,2.528,2.843,3.167,3.415,3.908,4.712,5.722,5.900,5.381,5.570,5.009,4.840,4.794,5.625,6.520,7.538,7.781,9.552,10.167,11.120,10.295,10.913,12.687,13.405,13.060,13.094,13.449,11.822,12.177,13.715,17.958,21.342,21.925,24.103,27.984,31.041,28.835,26.154,25.195,21.591,21.187,21.042,17.431,17.230
304,Greenland,1.489,1.853,2.178,2.838,3.406,4.204,4.774,5.589,7.047,8.312,9.363,8.502,7.764,7.925,7.127,7.661,11.063,14.293,16.161,16.596,18.087,17.983,18.338,16.386,17.787,21.379,21.167,18.936,20.285,19.927,18.765,19.032,20.417,24.827,28.523,29.081,31.924,35.996,40.653,40.983,40.724,44.477,42.654,44.021,45.247,39.384,40.469
308,Grenada,202,257,344,425,442,548,555,630,788,918,990,1.044,1.122,1.150,1.219,1.359,1.527,1.783,1.997,2.213,2.452,2.566,2.595,2.563,2.659,2.775,2.960,3.177,3.484,3.745,5.118,5.110,5.292,5.773,5.836,6.755,6.766,7.324,7.947,7.395,7.366,7.410,7.583,7.956,8.571,9.212,9.469
320,Guatemala,302,306,315,375,450,505,590,722,780,866,964,1.028,1.015,1.028,1.050,1.210,892,731,791,828,736,884,959,1.023,1.138,1.255,1.322,1.456,1.553,1.434,1.476,1.568,1.702,1.753,1.873,2.078,2.257,2.490,2.794,2.636,2.825,3.188,3.300,3.453,3.688,3.924,4.147
324,Guinea,182,199,211,224,256,287,325,332,378,401,443,479,507,520,532,560,573,590,629,617,647,647,658,617,614,668,677,645,577,549,485,454,446,512,530,420,427,622,675,636,635,615,677,726,744,725,684
624,Guinea-Bissau,395,384,440,531,574,652,583,499,576,627,586,627,502,492,523,462,500,529,489,576,603,626,644,659,677,703,462,350,313,332,292,300,316,361,393,425,419,481,584,545,546,688,604,622,595,573,618
328,Guyana,606,634,634,669,927,1.078,942,923,1.029,1.068,1.209,1.158,984,993,913,956,1.084,724,879,813,850,747,797,987,1.147,1.302,1.477,1.571,1.510,1.467,1.509,1.510,1.540,1.576,1.671,1.752,1.946,2.327,2.576,2.716,3.026,3.440,3.786,3.944,4.031,4.137,4.444
332,Haiti,93,100,101,125,149,176,223,235,237,257,323,323,328,353,386,417,455,389,384,393,436,414,286,240,277,345,373,400,455,486,429,404,364,315,401,448,518,625,660,660,671,737,760,804,819,780,705
340,Honduras,303,312,332,367,403,425,495,594,666,753,832,887,886,911,953,1.014,1.030,1.091,1.180,1.280,734,718,777,775,737,828,830,933,1.014,1.018,1.102,1.143,1.145,1.171,1.231,1.323,1.448,1.604,1.763,1.815,1.933,2.121,2.178,2.137,2.243,2.326,2.361
348,Hungary,614,667,780,963,1.052,1.195,1.379,1.531,1.781,2.048,2.362,2.424,2.476,2.257,2.199,2.237,2.589,2.857,3.072,3.124,3.573,3.353,3.738,3.873,4.165,4.486,4.516,4.587,4.744,4.797,4.629,5.280,6.659,8.413,10.288,11.207,11.465,13.952,15.814,13.113,13.187,14.223,12.954,13.739,14.278,12.559,12.900
352,Iceland,2.598,3.263,4.032,5.450,7.086,6.504,7.640,10.017,11.297,12.723,14.935,15.267,13.859,11.815,12.093,12.453,16.462,22.527,24.650,22.657,25.570,27.040,27.441,23.869,24.295,26.835,27.770,27.691,30.708,32.092,31.833,28.760,32.270,39.300,47.141,56.585,56.880,69.856,56.801,40.951,41.553,45.553,43.904,47.544,52.643,51.242,60.966
356,India,108,113,120,140,154,157,154,175,198,214,257,268,267,285,276,281,301,326,353,342,364,316,311,298,335,373,385,411,406,425,431,437,449,517,616,710,791,991,1.048,1.069,1.341,1.501,1.473,1.499,1.576,1.629,1.706
360,Indonesia,90,92,106,152,236,271,324,388,426,416,573,710,712,629,632,617,554,515,591,663,735,809,863,964,1.062,1.195,1.325,1.239,540,785,831,796,958,1.133,1.223,1.343,1.689,1.975,2.300,2.400,3.113,3.634,3.688,3.621,3.492,3.336,3.570
364,Iran (Islamic Republic of),385,469,570,876,1.453,1.594,2.026,2.313,2.168,2.426,2.473,2.552,3.037,3.618,3.642,1.611,1.494,1.712,1.740,1.662,1.714,1.832,1.883,2.021,1.915,1.888,2.039,1.864,1.770,1.814,1.688,1.811,2.207,2.255,2.730,3.216,3.739,4.857,5.660,5.651,6.586,7.981,7.887,6.967,5.662,4.958,5.299
368,Iraq,238,258,251,305,347,420,518,542,665,865,920,802,820,761,770,775,836,1.001,1.045,966,978,333,383,265,206,172,293,310,383,648,717,729,699,645,995,1.343,1.969,2.639,3.533,3.668,3.808,4.963,5.672,6.113,5.691,4.642,4.301
372,Ireland,1.492,1.709,2.087,2.433,2.525,2.982,2.923,3.422,4.387,5.408,6.339,5.959,6.134,5.887,5.668,5.974,8.050,9.508,10.595,11.013,13.831,13.938,15.602,14.554,15.762,18.958,20.620,22.311,24.018,26.000,25.944,27.916,32.179,40.567,46.958,50.237,53.928,61.369,61.260,51.728,47.969,51.263,48.219,51.130,55.075,61.832,64.497
376,Israel,2.114,2.170,2.760,3.433,4.519,4.346,4.458,4.720,4.555,5.749,6.404,6.667,7.157,7.846,7.239,6.717,8.194,9.687,11.639,11.348,13.074,14.507,15.676,15.190,16.665,18.813,20.036,20.372,20.117,19.890,22.006,21.324,19.404,19.980,20.938,21.576,22.792,25.815,30.411,28.539,31.459,34.567,33.419,37.398,38.837,37.088,38.788
380,Italy,2.110,2.303,2.665,3.199,3.615,4.102,4.028,4.597,5.602,6.976,8.431,7.588,7.508,7.769,7.665,7.905,11.185,14.067,15.562,16.206,20.610,21.732,23.009,18.547,19.137,20.449,22.873,21.668,22.157,21.835,19.928,20.212,21.912,26.993,30.745,31.503,32.880,37.141,40.180,36.636,35.578,38.091,34.701,35.706,36.112,30.794,31.279
388,Jamaica,925,998,1.195,1.206,1.474,1.750,1.790,1.937,1.558,1.415,1.536,1.681,1.827,1.974,1.275,1.114,1.332,1.581,1.837,2.097,2.177,1.930,1.713,2.186,2.170,2.592,2.886,3.247,3.365,3.373,3.389,3.435,3.606,3.477,3.729,4.097,4.322,4.612,4.914,4.322,4.692,5.103,5.210,5.006,4.856,4.940,4.879
392,Japan,2.016,2.245,2.930,3.924,4.298,4.615,5.129,6.250,8.701,8.980,9.333,10.236,9.446,10.232,10.806,11.491,16.936,20.428,24.683,24.602,25.218,28.639,31.098,35.529,38.925,43.118,38.165,34.788,31.720,35.827,38.323,33.694,32.174,34.713,37.556,37.054,35.274,35.137,39.190,40.690,44.341,47.916,48.302,40.181,37.833,34.224,38.640
400,Jordan,345,351,375,415,465,592,743,890,1.146,1.349,1.690,1.739,1.779,1.784,1.747,1.768,2.053,2.086,1.860,1.216,1.129,1.117,1.340,1.338,1.419,1.472,1.469,1.499,1.606,1.625,1.658,1.728,1.812,1.889,2.061,2.203,2.537,2.763,3.386,3.492,3.679,3.807,3.871,3.993,4.067,4.096,4.088
398,Kazakhstan,,,,,,,,,,,,,,,,,,,,,1.797,1.654,1.607,1.503,1.355,1.282,1.330,1.423,1.442,1.112,1.215,1.473,1.631,2.024,2.805,3.676,5.162,6.619,8.339,7.125,9.028,11.571,12.292,13.752,12.661,10.388,7.505
404,Kenya,224,239,259,295,339,358,368,458,522,577,646,587,544,487,486,464,527,560,578,547,541,494,473,318,393,491,488,517,540,480,460,461,454,501,527,597,697,839,917,920,967,987,1.155,1.229,1.335,1.350,1.455
296,Kiribati,395,412,514,829,1.480,1.405,1.034,960,1.101,1.035,565,657,639,595,642,468,442,501,628,587,552,643,643,621,715,720,847,838,805,834,885,760,844,1.060,1.131,1.215,1.152,1.358,1.413,1.297,1.493,1.683,1.746,1.685,1.611,1.487,1.518
412,Kosovo,,,,,,,,,,,,,,,,,,,,,2.731,2.030,1.486,1.098,1.093,2.351,1.531,1.448,1.325,923,860,1.319,1.527,1.800,1.985,2.074,2.190,2.662,3.251,3.242,3.354,3.809,3.703,4.033,4.214,3.668,3.811
414,Kuwait,3.847,4.844,5.204,5.949,13.477,11.724,12.045,12.221,12.628,19.043,20.907,17.498,14.281,13.203,13.106,12.333,9.751,11.513,10.148,11.595,8.797,5.411,10.365,13.480,14.940,16.487,19.300,17.694,14.129,15.392,18.392,16.540,17.789,22.071,26.920,35.490,42.721,45.792,55.566,37.591,38.497,48.273,51.257,48.402,43.003,28.980,27.229
417,Kyrgyzstan,,,,,,,,,,,,,,,,,,,,,597,562,492,423,342,327,395,376,343,257,278,308,322,383,439,485,553,733,977,878,884,1.126,1.181,1.291,1.293,1.139,1.100
418,Lao People's DR,44,48,50,56,62,70,75,77,83,87,102,127,141,149,161,170,177,173,171,197,212,245,273,300,339,382,394,360,260,289,339,337,347,391,455,512,616,768,947,985,1.171,1.380,1.589,1.839,2.018,2.159,2.339
428,Latvia,,,,,,,,,,,,,,,,,,,,,3.631,3.380,2.277,2.014,2.101,2.155,2.408,2.660,2.952,3.128,3.329,3.540,4.093,5.095,6.307,7.514,9.638,14.056,16.389,12.200,11.216,13.605,13.611,14.852,15.584,13.554,13.993
422,Lebanon,866,950,1.154,1.466,1.843,1.691,734,1.371,1.528,1.766,2.091,1.990,1.349,1.419,991,850,1.049,816,1.303,1.066,1.091,1.582,2.032,2.726,3.148,3.793,4.439,5.043,5.430,5.388,5.155,5.079,5.312,5.350,5.473,5.390,5.434,6.087,7.110,8.481,8.858,8.734,8.923,8.721,8.537,8.452,8.400
426,Lesotho,82,77,90,133,148,151,145,185,249,264,338,335,300,299,257,202,221,291,329,342,392,428,504,491,493,542,535,575,499,494,470,427,393,576,727,800,828,918,934,923,1.173,1.352,1.282,1.196,1.175,1.074,1.017
430,Liberia,223,229,242,275,328,383,385,419,446,498,495,549,549,527,506,491,480,507,546,571,284,262,171,124,102,101,113,177,200,225,224,213,224,170,203,217,242,270,301,303,327,378,415,452,468,593,598
434,Libya,1.865,2.190,2.511,3.293,5.527,5.160,6.432,7.262,6.894,9.149,11.861,9.988,9.437,8.796,7.723,7.715,6.088,5.510,6.056,6.250,7.007,7.572,7.837,6.935,6.338,5.717,6.212,6.487,5.754,6.378,7.183,6.261,3.964,4.672,5.836,7.846,9.365,10.497,15.748,11.246,13.121,6.553,16.322,10.624,4.960,5.993,6.826
438,Liechtenstein,5.202,5.927,6.925,9.138,10.799,12.193,13.470,15.384,20.932,24.642,26.476,23.187,23.707,23.833,23.482,24.995,36.642,45.683,51.739,51.088,61.080,65.233,68.926,67.207,73.953,87.414,86.768,80.515,84.764,89.717,82.533,81.849,87.413,98.957,110.433,116.095,126.061,144.079,158.130,139.290,156.127,175.052,165.123,173.527,179.318,168.177,164.437
440,Lithuania,,,,,,,,,,,,,,,,,,,,,2.775,2.704,2.183,1.881,1.744,1.848,2.327,2.827,3.162,3.109,3.295,3.527,4.144,5.507,6.698,7.817,9.144,12.187,14.899,11.815,11.886,14.132,14.113,15.483,16.394,14.157,14.707
442,Luxembourg,4.443,4.595,5.705,7.760,9.385,9.134,9.940,10.928,13.529,15.743,17.120,14.342,13.050,12.821,12.561,12.915,18.774,23.214,26.063,27.512,34.650,37.069,41.049,41.547,45.539,52.894,52.600,46.983,47.457,51.559,48.758,48.324,53.225,66.074,76.771,81.571,91.100,107.190,115.133,103.505,104.772,115.407,106.460,113.341,119.226,101.959,101.835
450,Madagascar,162,171,190,228,251,290,270,283,312,393,445,385,367,355,289,277,374,287,265,264,316,266,290,313,268,276,339,291,297,287,290,328,309,373,289,324,344,445,563,479,492,569,544,568,503,471,451
454,Malawi,126,154,171,161,193,209,222,259,295,307,363,353,326,331,313,281,279,273,286,327,336,379,338,370,218,250,294,303,300,291,277,265,291,260,274,280,298,320,373,421,459,512,355,315,349,366,294
458,Malaysia,358,384,445,661,800,767,886,1.027,1.247,1.576,1.775,1.769,1.852,2.048,2.234,2.000,1.729,1.947,2.071,2.215,2.441,2.652,3.111,3.431,3.727,4.334,4.797,4.645,3.264,3.493,4.045,3.915,4.167,4.464,4.955,5.594,6.223,7.269,8.514,7.327,9.071,10.405,10.780,10.882,11.184,9.644,9.508
462,Maldives,366,396,447,530,649,394,349,316,359,551,588,601,736,741,823,875,943,907,1.048,1.142,1.257,1.388,1.574,1.736,1.870,2.229,2.465,2.730,2.848,3.047,3.161,3.091,3.103,3.481,3.952,3.649,4.812,5.560,6.583,6.616,7.100,7.396,7.473,8.291,9.057,9.576,9.875
466,Mali,54,63,70,80,74,108,126,144,164,204,233,211,181,156,150,161,231,270,275,272,323,348,349,336,239,295,319,284,315,323,269,307,334,392,439,488,522,596,690,697,708,835,777,804,848,746,778
470,Malta,810,855,953,1.114,1.209,1.521,1.684,1.984,2.501,3.132,3.880,3.826,3.763,3.519,3.294,3.311,4.213,5.097,5.828,6.064,7.230,7.740,8.433,7.497,8.226,9.722,9.919,9.753,10.178,10.395,10.218,10.188,11.132,13.432,14.923,15.716,16.602,19.327,21.783,20.596,21.005,22.720,21.873,23.973,26.358,24.054,25.616
584,Marshall Islands,416,432,451,500,626,659,690,743,789,876,882,982,1.057,1.208,1.246,1.155,1.406,1.508,1.619,1.604,1.675,1.718,1.861,2.006,2.157,2.379,2.177,2.056,2.093,2.074,2.128,2.208,2.395,2.442,2.523,2.651,2.764,2.893,2.928,2.917,3.143,3.286,3.514,3.618,3.462,3.386,3.449
478,Mauritania,282,294,333,368,486,571,619,619,592,717,975,915,805,796,673,613,701,772,791,785,799,834,823,685,706,722,709,669,565,535,477,464,461,529,621,698,944,1.013,1.183,1.044,1.202,1.389,1.366,1.429,1.319,1.144,1.085
480,Mauritius,249,275,340,420,687,680,831,956,1.159,1.361,1.254,1.250,1.167,1.168,1.105,1.134,1.530,1.902,2.135,2.165,2.590,2.742,3.151,3.142,3.383,3.786,4.093,3.835,3.782,3.858,4.109,4.035,4.206,5.024,5.651,5.544,5.723,6.605,8.061,7.338,8.016,9.207,9.310,9.663,10.184,9.275,9.679
484,Mexico,850,908,1.013,1.201,1.516,1.799,1.766,1.584,1.935,2.472,3.343,4.192,2.849,2.389,2.759,2.839,1.952,2.074,2.491,2.975,3.437,4.033,4.571,5.527,5.715,3.829,4.295,5.144,5.328,5.984,6.959,7.342,7.399,6.904,7.311,8.089,8.860,9.413,9.766,7.792,9.016,9.913,9.941,10.401,10.581,9.291,8.444
583,Micronesia (FS of),343,372,427,593,782,775,771,759,834,906,933,1.075,1.088,1.106,1.079,1.262,1.353,1.380,1.492,1.536,1.639,1.780,1.865,1.988,2.015,2.063,2.019,1.905,2.029,2.046,2.171,2.239,2.257,2.293,2.257,2.360,2.397,2.442,2.516,2.693,2.862,3.001,3.151,3.048,3.057,3.018,3.144
492,Monaco,12.097,13.394,16.199,20.711,22.004,27.403,27.905,30.408,37.154,44.501,50.173,43.364,40.518,38.144,35.632,36.724,50.871,61.350,66.772,67.026,82.622,82.122,89.969,84.180,87.860,100.041,99.429,89.150,91.411,89.981,81.355,81.467,87.705,107.029,121.616,124.374,133.187,167.130,180.648,149.242,144.561,162.166,152.002,172.598,185.145,163.394,168.004
496,Mongolia,156,166,174,194,215,243,259,288,323,356,402,464,521,558,597,634,688,710,752,794,787,726,665,654,679,730,691,613,560,519,550,608,663,749,925,1.158,1.548,1.895,2.481,1.992,2.650,3.770,4.368,4.385,4.182,3.947,3.686
499,Montenegro,,,,,,,,,,,,,,,,,,,,,3.491,2.849,2.400,1.325,1.364,1.958,1.410,1.369,1.394,1.361,1.616,1.908,2.107,2.802,3.403,3.697,4.405,5.941,7.318,6.677,6.628,7.256,6.526,7.119,7.309,6.400,6.958
500,Montserrat,670,773,894,993,1.083,1.221,1.065,1.168,1.332,1.608,2.375,2.811,3.134,3.368,3.639,3.850,4.139,4.539,5.204,5.905,7.029,5.977,6.207,6.168,6.823,6.728,5.858,5.356,5.665,6.399,7.253,7.976,9.103,9.237,9.494,10.229,10.649,11.060,11.696,12.067,11.228,12.755,12.429,11.737,11.570,11.556,12.044
504,Morocco,290,304,358,430,517,593,618,696,814,956,1.104,875,862,760,679,670,864,935,1.082,1.098,1.219,1.290,1.295,1.199,1.336,1.430,1.567,1.410,1.493,1.464,1.348,1.358,1.439,1.754,1.983,2.049,2.234,2.531,2.928,2.904,2.876,3.085,2.948,3.158,3.208,2.907,2.937
508,Mozambique,395,430,470,540,551,556,492,484,492,504,484,455,467,426,476,443,457,268,229,246,266,240,166,167,165,163,217,253,284,302,278,256,263,284,336,369,386,422,503,464,419,527,595,606,623,528,379
104,Myanmar,102,102,92,117,137,124,134,135,147,165,177,174,174,175,177,177,132,127,115,122,128,129,143,154,167,180,192,204,132,144,158,164,220,208,213,246,284,371,523,661,826,1.145,1.197,1.208,1.277,1.193,1.242
516,Namibia,775,841,817,1.004,1.191,1.236,1.158,1.258,1.418,1.715,2.392,2.172,2.003,2.122,1.753,1.399,1.513,1.843,1.912,1.862,1.969,2.042,2.262,2.063,2.263,2.382,2.312,2.332,2.113,2.055,2.019,1.798,1.669,2.422,3.225,3.504,3.811,4.203,4.029,4.154,5.192,5.601,5.749,5.490,5.393,4.770,4.415
520,Nauru,2.363,2.544,2.942,3.743,4.793,4.752,4.771,4.722,5.064,5.163,5.597,5.886,5.502,5.186,5.008,4.043,3.991,4.335,4.921,5.091,5.379,4.872,4.468,3.787,3.722,3.496,3.365,3.075,2.389,2.448,2.164,1.894,1.891,2.385,2.728,2.600,2.521,2.311,4.177,5.454,6.234,8.413,11.510,9.407,10.307,7.955,9.119
524,Nepal,87,87,98,90,112,121,110,107,123,136,140,156,161,156,157,164,165,180,198,193,202,180,190,186,208,212,215,232,214,231,241,244,240,259,288,322,347,418,442,476,602,676,648,651,697,726,722
528,Netherlands,2.898,3.347,4.063,5.312,6.221,7.261,7.860,9.115,11.076,12.608,13.618,11.392,10.945,10.545,9.841,9.784,13.586,16.476,17.501,17.152,20.999,21.462,23.629,22.861,24.354,28.867,28.637,26.328,27.467,27.910,25.920,26.630,28.888,35.297,39.943,41.456,44.197,50.850,56.508,51.596,50.135,53.400,49.374,51.466,52.082,44.750,45.753
540,New Caledonia,3.592,3.977,4.430,4.521,5.123,6.269,5.950,6.093,6.031,7.336,8.147,6.611,6.048,5.432,5.177,5.480,7.588,9.255,12.679,13.126,14.898,15.297,16.470,15.522,16.314,19.024,18.477,17.741,17.417,17.482,16.026,15.181,16.837,21.795,25.709,26.801,29.492,36.681,37.045,35.041,37.266,40.595,37.099,38.344,39.411,34.094,34.641
554,New Zealand,2.305,2.765,3.296,4.250,4.688,4.485,4.473,4.870,5.902,6.697,7.425,7.956,7.867,7.740,7.384,7.376,9.206,11.616,13.884,13.280,13.372,12.719,12.007,12.805,14.783,17.184,18.694,18.469,15.111,15.693,14.108,13.846,15.776,20.862,25.107,27.742,26.664,32.439,31.152,28.065,33.543,38.128,39.437,42.232,44.004,38.492,40.233
558,Nicaragua,475,491,507,611,823,835,941,1.106,1.026,713,833,933,957,1.013,1.007,972,959,955,847,846,858,862,895,934,851,893,913,914,949,978,1.013,1.046,1.007,1.012,1.087,1.171,1.241,1.344,1.519,1.464,1.526,1.683,1.792,1.847,1.975,2.096,2.151
562,Niger,95,99,120,125,139,172,198,228,299,381,450,382,338,294,231,221,278,313,316,286,329,303,304,270,161,188,195,173,191,181,152,160,176,209,221,247,258,292,355,341,348,376,392,416,430,363,364
566,Nigeria,427,484,575,645,1.018,1.260,1.493,1.686,1.825,2.143,2.702,2.432,2.329,2.285,2.211,2.139,1.053,634,741,652,717,655,580,551,447,454,469,479,486,483,610,566,739,824,1.043,1.299,1.640,1.828,2.225,1.765,2.327,2.542,2.755,2.997,3.222,2.730,2.176
578,Norway,3.306,3.734,4.413,5.689,6.811,8.203,8.924,10.263,11.461,13.045,15.770,15.515,15.236,14.942,14.996,15.751,18.874,22.506,24.228,24.286,28.204,28.545,30.479,27.932,29.282,34.813,37.221,36.503,34.663,36.273,38.075,38.470,42.987,50.054,57.491,66.645,73.918,84.982,96.943,80.092,87.831,100.823,101.801,103.110,97.142,74.361,70.617
512,Oman,371,421,495,627,2.047,2.489,2.891,2.936,2.780,3.582,5.419,6.187,6.156,6.169,6.467,6.861,5.213,5.268,4.942,5.323,6.377,5.923,6.209,5.962,5.947,6.193,6.755,6.962,6.186,6.888,8.576,8.477,8.629,9.070,10.129,12.377,14.408,15.805,22.075,16.784,19.281,20.986,22.135,21.269,20.458,16.627,14.277
586,Pakistan,226,234,135,140,180,220,251,279,319,341,397,456,430,422,439,421,425,438,484,469,480,505,553,532,559,629,611,600,589,574,555,517,555,616,692,765,868,949,923,967,1.023,1.215,1.206,1.212,1.342,1.413,1.462
585,Palau,810,877,947,1.024,1.111,1.213,1.333,1.468,1.623,1.791,1.961,2.125,2.288,2.452,2.696,2.997,3.342,3.737,4.182,4.676,5.208,5.594,5.854,5.242,5.395,6.378,7.429,7.853,7.981,7.706,7.710,8.151,8.257,8.018,8.754,9.611,9.649,9.682,9.725,9.187,8.956,9.712,10.362,10.899,11.683,13.982,14.428
591,Panama,755,828,884,984,1.094,1.193,1.234,1.276,1.475,1.647,2.049,2.253,2.331,2.393,2.474,2.580,2.666,2.691,2.354,2.310,2.459,2.648,2.949,3.154,3.295,3.300,3.334,3.533,3.754,3.856,3.835,3.822,3.897,4.030,4.337,4.643,5.052,6.068,6.974,7.430,7.937,9.271,10.590,11.686,12.594,13.134,13.680
598,Papua New Guinea,432,470,548,808,891,802,840,899,1.063,1.189,1.284,1.225,1.129,1.094,1.054,970,1.042,1.205,1.367,1.293,1.145,1.313,1.450,1.608,1.676,1.486,1.541,1.435,1.069,950,944,806,781,929,1.019,1.158,1.284,1.424,1.702,1.663,1.998,2.470,2.862,2.785,2.863,2.691,2.436
600,Paraguay,212,232,262,331,433,479,525,630,751,976,1.236,1.519,1.535,1.656,1.319,1.094,1.265,1.031,1.335,940,1.104,1.277,1.285,1.338,1.492,1.694,1.797,1.781,1.555,1.405,1.338,1.192,1.148,1.175,1.409,1.507,1.810,2.312,3.060,2.600,3.228,3.988,3.856,4.480,4.713,4.109,4.039
604,Peru,437,474,512,597,733,871,809,711,594,739,959,1.143,1.135,860,881,743,1.080,1.730,1.478,1.626,1.334,1.542,1.578,1.494,1.891,2.220,2.262,2.342,2.202,1.964,1.997,1.982,2.060,2.181,2.449,2.755,3.172,3.612,4.211,4.167,5.022,5.772,6.388,6.583,6.491,6.030,6.049
608,Philippines,207,223,234,286,380,400,446,499,561,661,759,811,822,715,658,627,593,642,713,781,793,792,902,904,1.041,1.176,1.285,1.249,967,1.087,1.039,957,1.000,1.011,1.079,1.195,1.392,1.673,1.919,1.825,2.130,2.353,2.582,2.760,2.843,2.878,2.951
616,Poland,866,952,1.044,1.227,1.365,1.441,1.593,1.751,1.965,2.180,1.663,1.562,1.879,2.154,2.139,1.975,2.044,1.759,1.886,2.245,1.738,2.247,2.471,2.512,2.887,3.696,4.154,4.129,4.523,4.401,4.459,4.946,5.163,5.659,6.644,7.980,8.992,11.194,13.928,11.475,12.507,13.800,13.058,13.684,14.237,12.475,12.332
620,Portugal,932,1.052,1.271,1.685,1.926,2.098,2.174,2.261,2.446,2.741,3.355,3.239,3.076,2.736,2.528,2.716,3.881,4.833,5.659,6.091,7.910,8.948,10.751,9.450,9.868,11.639,12.032,11.439,12.070,12.360,11.430,11.688,12.853,15.730,17.970,18.674,19.675,22.592,24.598,22.863,22.371,23.048,20.447,21.474,21.930,19.141,19.750
630,Puerto Rico,1.884,2.085,2.303,2.506,2.704,2.835,3.048,3.310,3.664,4.117,4.592,5.009,5.200,5.302,5.822,6.106,6.552,7.062,7.678,8.221,8.822,9.219,9.790,10.335,11.005,11.721,12.362,13.043,14.551,15.490,16.479,18.469,19.133,20.035,21.270,22.286,23.242,23.903,25.065,25.866,26.470,27.071,27.468,27.774,27.833,28.076,28.636
634,Qatar,4.921,5.975,7.891,10.567,12.590,15.020,18.444,19.236,20.468,27.436,35.026,34.950,27.438,20.954,20.121,16.582,12.698,12.896,13.606,14.047,15.449,14.120,15.246,14.098,14.369,15.660,17.138,20.880,18.409,21.503,29.628,28.091,29.632,33.769,41.319,50.873,59.536,66.205,81.976,60.744,69.466,85.948,88.565,88.305,86.853,66.347,59.324
410,Republic of Korea,279,301,323,405,560,613,828,1.049,1.397,1.774,1.708,1.876,1.985,2.189,2.397,2.457,2.800,3.505,4.679,5.731,6.508,7.509,7.982,8.712,10.164,12.277,13.071,12.066,8.026,10.319,11.852,11.172,12.687,14.100,15.771,18.439,20.693,22.883,20.362,18.265,22.088,24.173,24.480,26.024,28.011,27.331,27.785
498,Republic of Moldova,,,,,,,,,,,,,,,,,,,,,911,775,562,570,403,407,392,450,399,277,307,354,398,475,624,719,822,1.066,1.473,1.328,1.423,1.721,1.788,1.961,1.962,1.602,1.668
642,Romania,619,727,830,956,991,1.057,1.176,1.260,1.472,1.576,1.613,1.946,2.259,2.077,1.773,2.196,2.381,2.650,2.729,2.424,1.728,1.306,889,1.203,1.381,1.640,1.630,1.583,1.869,1.623,1.692,1.852,2.113,2.755,3.530,4.652,5.815,8.155,9.999,8.120,8.219,9.134,8.510,9.545,9.988,8.931,9.439
643,Russian Federation,,,,,,,,,,,,,,,,,,,,,3.869,3.786,3.305,3.087,2.752,2.694,2.648,2.740,1.838,1.333,1.774,2.103,2.379,2.976,4.102,5.320,6.907,9.079,11.608,8.544,10.652,14.182,15.131,15.534,13.939,9.218,8.655
646,Rwanda,61,71,77,93,119,139,150,170,199,236,258,280,271,276,285,296,318,339,350,348,337,257,286,294,190,208,218,275,273,239,216,201,196,213,237,287,342,405,501,539,563,617,678,689,707,712,711
659,Saint Kitts and Nevis,556,674,793,836,1.088,1.153,977,1.017,1.123,1.341,1.567,1.839,1.973,2.000,2.267,2.524,3.004,3.403,4.038,4.531,5.112,5.117,5.547,5.967,6.551,6.987,7.349,8.139,8.227,8.692,9.254,10.016,10.348,9.838,10.476,11.178,12.933,13.543,14.685,14.216,13.708,14.483,13.966,14.824,15.776,16.178,16.597
662,Saint Lucia,327,370,419,467,628,720,730,805,928,1.109,1.283,1.449,1.547,1.656,1.801,1.970,2.348,2.523,2.822,3.137,3.365,3.570,3.916,3.874,3.989,4.199,4.410,4.432,4.798,4.987,4.984,4.658,4.643,5.006,5.456,5.714,6.406,6.835,6.922,6.880,7.210,7.418,7.451,7.604,7.962,8.184,7.848
882,Samoa,281,328,377,494,553,549,496,570,624,705,720,673,686,629,611,532,560,618,734,675,688,681,712,709,1.174,1.151,1.287,1.394,1.301,1.321,1.323,1.363,1.495,1.810,2.152,2.414,2.488,3.530,3.579,3.145,3.648,4.195,4.229,4.218,4.286,3.995,4.214
674,San Marino,4.171,4.546,5.271,6.346,7.181,8.122,7.917,8.933,10.734,13.176,15.726,13.993,13.706,14.041,13.726,14.017,19.630,24.436,26.743,27.533,34.583,35.970,37.547,32.821,35.071,39.407,44.794,41.789,44.350,46.424,41.607,43.284,46.126,58.094,67.274,69.338,73.120,82.982,90.667,76.904,68.767,65.196,56.421,57.735,56.492,47.627,47.910
678,Sao Tome and Principe,477,467,508,674,682,692,583,535,581,675,818,819,774,712,730,759,1.045,1.027,860,840,996,879,759,985,1.008,780,998,667,515,541,523,510,559,649,693,811,844,894,1.126,1.100,1.130,1.304,1.381,1.620,1.824,1.615,1.715
682,Saudi Arabia,921,1.178,1.511,2.226,6.433,6.296,8.186,9.013,9.247,12.186,16.892,17.777,13.870,10.981,9.582,7.877,6.265,5.892,5.816,6.043,7.195,7.828,7.878,7.435,7.372,7.641,8.282,8.497,7.382,7.969,9.127,8.643,8.655,9.567,11.139,13.740,15.335,16.472,20.038,16.094,19.260,23.771,25.303,24.934,24.575,20.653,19.817
686,Senegal,224,224,263,293,321,421,416,416,452,550,582,469,475,442,405,433,613,726,763,687,821,769,817,715,466,557,564,508,534,557,473,481,513,643,733,774,810,950,1.097,1.018,1.001,1.081,1.037,1.051,1.050,913,948
688,Serbia,,,,,,,,,,,,,,,,,,,,,4.249,3.844,2.797,1.973,2.053,2.208,2.309,2.191,1.977,1.503,1.249,1.635,2.149,2.832,3.331,3.528,4.130,5.458,6.702,5.821,5.412,6.421,5.657,6.352,6.199,5.237,5.426
690,Seychelles,425,494,672,788,897,969,975,1.247,1.619,2.361,2.686,2.743,2.611,2.564,2.632,2.922,3.605,4.302,4.900,5.251,6.306,6.326,7.206,7.651,7.726,8.005,7.769,8.669,9.283,9.389,9.203,9.039,9.951,9.852,9.594,10.357,11.336,11.449,10.665,9.309,10.612,11.090,11.481,14.317,14.401,14.691,15.217
694,Sierra Leone,169,177,191,213,240,251,228,254,320,360,396,415,456,387,463,362,247,203,309,285,204,243,213,242,288,276,298,267,209,204,189,230,253,267,266,292,322,359,406,389,399,445,562,711,708,582,497
702,Singapore,926,1.075,1.372,1.931,2.363,2.562,2.653,2.895,3.443,4.097,5.008,5.838,6.305,6.977,7.394,6.858,6.789,7.663,9.217,10.677,12.911,14.685,16.353,18.447,21.793,25.265,27.032,27.449,22.969,22.597,24.486,22.217,22.255,22.828,26.129,28.372,32.046,38.031,39.626,38.749,46.592,53.246,54.861,56.430,56.559,53.626,52.814
534,Sint Maarten (Dutch part),,,,,,,,,,,,,,,,,,,,,,,,,,,,,,,,,,,,21.762,23.318,24.892,26.351,26.324,27.065,27.551,28.060,28.072,28.064,27.521,27.116
703,Slovakia,,,,,,,,,,,,,,,,,,,,,3.172,2.213,2.397,2.572,2.967,3.713,4.006,4.059,4.226,3.852,3.830,3.959,4.588,6.282,7.974,9.069,10.574,14.249,17.892,16.468,16.561,18.149,17.244,18.152,18.581,16.087,16.489
705,Slovenia,,,,,,,,,,,,,,,,,,,,,9.029,6.578,6.508,6.602,7.513,10.683,10.798,10.438,11.129,11.412,10.231,10.499,11.851,14.932,17.309,18.206,19.755,23.894,27.459,24.684,23.477,24.978,22.497,23.288,24.099,20.760,21.517
90,Solomon Islands,200,208,219,282,391,335,359,392,456,584,622,678,662,484,663,591,520,510,597,553,667,687,790,833,916,1.015,1.091,1.075,917,947,820,789,629,703,793,914,979,1.193,1.263,1.237,1.363,1.613,1.769,1.876,1.913,1.804,1.892
706,Somalia,99,100,129,138,158,195,203,92,93,87,90,101,109,99,106,119,117,130,131,133,134,82,78,133,149,146,160,182,229,218,228,140,127,154,196,222,223,225,229,172,89,86,102,107,102,96,92
710,South Africa,817,877,895,1.194,1.459,1.469,1.374,1.487,1.669,2.008,2.820,2.825,2.525,2.745,2.371,1.768,1.975,2.537,2.670,2.721,3.107,3.259,3.455,3.371,3.432,3.741,3.491,3.551,3.153,3.079,3.027,2.661,2.461,3.678,4.738,5.280,5.503,6.002,5.688,5.806,7.276,7.968,7.478,6.819,6.433,5.741,5.274
728,South Sudan,,,,,,,,,,,,,,,,,,,,,,,,,,,,,,,,,,,,,,,1.652,1.266,1.510,1.703,885,1.201,1.374,1.128,534
724,Spain,1.203,1.353,1.697,2.231,2.727,3.182,3.249,3.593,4.313,5.709,6.141,5.313,5.102,4.426,4.436,4.643,6.433,8.139,9.584,10.546,13.613,14.607,15.923,13.211,13.306,15.366,16.022,14.670,15.314,15.619,14.556,15.123,16.796,21.260,24.673,26.276,28.272,32.587,35.547,32.253,30.598,31.722,28.512,29.163,29.597,25.816,26.695
144,Sri Lanka,225,226,248,264,323,328,306,340,229,275,325,340,358,381,430,425,444,456,482,476,542,603,642,683,766,838,899,967,1.000,988,1.019,971,1.027,1.125,1.221,1.431,1.645,1.869,2.336,2.398,2.808,3.214,3.351,3.620,3.848,3.892,3.910
670,St. Vincent and the Grenadines,234,252,343,370,400,399,384,435,545,627,696,847,974,1.083,1.170,1.277,1.430,1.587,1.821,1.963,2.179,2.327,2.554,2.609,2.660,2.887,3.047,3.215,3.477,3.616,3.673,3.985,4.271,4.447,4.808,5.065,5.611,6.276,6.370,6.177,6.232,6.183,6.338,6.597,6.633,6.912,6.980
275,State of Palestine,158,178,250,300,452,438,500,501,508,576,712,639,659,663,632,571,888,947,965,883,921,953,1.125,1.160,1.137,1.254,1.244,1.310,1.356,1.369,1.338,1.210,1.052,1.153,1.235,1.351,1.342,1.467,1.732,1.836,2.192,2.504,2.626,2.826,2.802,2.718,2.796
729,Sudan,,,,,,,,,,,,,,,,,,,,,,,,,,,,,,,,,,,,,,,1.477,1.436,1.584,1.977,1.719,1.734,1.838,2.058,2.094
736,Sudan (Former),89,93,112,140,165,199,241,274,285,304,331,386,282,246,321,292,385,485,469,449,488,426,444,447,413,435,276,328,340,325,386,450,505,578,702,902,1.129,1.445,1.515,1.398,1.567,,,,,,
740,Suriname,960,1.044,1.142,1.263,1.539,1.758,1.918,2.434,2.788,2.961,3.002,3.353,3.445,3.314,3.220,3.221,3.239,3.499,4.064,1.892,1.848,1.925,1.941,1.823,1.894,1.903,2.341,2.475,2.931,2.393,2.449,2.137,2.772,3.190,3.658,4.395,5.208,5.761,6.858,7.444,8.303,8.319,9.272,9.484,9.565,8.725,5.871
748,Swaziland,347,419,447,563,676,766,760,819,889,1.022,1.336,1.435,1.295,1.335,1.057,764,926,1.172,1.310,1.302,1.456,1.502,1.628,1.615,1.689,1.979,1.827,1.919,1.729,1.655,1.637,1.438,1.325,2.021,2.530,2.872,2.935,3.046,2.841,3.031,3.688,3.923,3.831,3.590,3.446,3.151,2.983
752,Sweden,4.662,5.062,5.939,7.185,7.962,9.969,10.714,11.288,12.440,14.656,16.845,15.357,13.538,12.425,12.908,13.462,17.695,21.426,24.108,25.237,30.132,31.346,32.269,24.003,25.696,29.882,32.521,29.821,30.076,30.525,29.251,26.964,29.586,36.990,42.456,43.042,46.176,53.236,55.643,46.133,52.009,59.488,57.005,60.190,59.221,50.998,52.297
756,Switzerland,3.935,4.689,5.706,7.623,8.745,10.001,10.463,11.199,15.711,17.702,18.879,17.257,17.616,17.455,16.564,16.692,23.788,29.619,31.846,30.529,38.663,38.735,39.882,38.358,42.040,48.817,46.747,40.401,41.467,40.614,37.957,38.684,41.609,48.400,53.648,55.153,57.597,63.479,72.503,69.985,74.538,88.215,83.176,84.659,86.174,81.648,79.609
760,Syrian Arab Republic,276,314,350,362,562,705,820,867,1.006,1.168,1.472,1.823,1.839,1.891,1.877,944,886,897,1.019,852,897,971,1.095,1.147,890,944,1.027,1.066,1.120,1.112,1.198,1.253,1.275,1.198,1.378,1.552,1.750,2.051,2.586,2.598,2.877,2.644,1.962,1.599,1.775,1.515,1.203
762,Tajikistan,,,,,,,,,,,,,,,,,,,,,538,505,360,303,240,211,177,154,217,176,138,171,189,236,309,337,404,520,706,666,738,835,955,1.040,1.105,919,796
807,TFYR of Macedonia,,,,,,,,,,,,,,,,,,,,,1.459,1.463,1.377,1.494,1.796,2.373,2.333,1.957,1.872,1.909,1.854,1.816,1.961,2.409,2.763,3.038,3.326,4.036,4.793,4.544,4.543,5.064,4.699,5.211,5.469,4.840,5.163
764,Thailand,200,202,218,281,346,366,407,463,550,614,706,746,768,825,846,773,841,969,1.162,1.340,1.561,1.765,1.995,2.204,2.486,2.841,3.038,2.463,1.842,2.029,2.004,1.889,2.096,2.359,2.660,2.894,3.369,3.972,4.379,4.212,5.075,5.491,5.860,6.171,5.942,5.815,5.911
626,Timor-Leste,,,,,,,,,,,,,,,,,,,,,278,310,380,424,467,518,601,562,646,448,519,531,526,527,1.109,1.802,2.692,2.730,4.167,3.111,3.604,5.017,5.763,4.766,3.333,2.500,2.131
768,Togo,145,159,180,205,268,289,269,317,384,447,483,392,327,283,258,264,363,413,486,463,543,524,536,400,302,389,413,408,374,364,299,290,323,392,408,401,402,443,537,532,527,579,565,613,632,563,585
776,Tonga,203,226,269,395,525,481,441,495,596,633,848,876,910,915,912,779,930,1.115,1.533,1.597,1.703,2.048,2.018,1.989,2.029,2.115,2.286,2.201,1.949,2.002,1.930,1.692,1.829,2.078,2.370,2.589,2.868,2.980,3.320,3.148,3.590,4.286,4.437,4.182,4.118,3.778,3.748
780,Trinidad and Tobago,869,938,1.119,1.332,2.048,2.415,2.438,3.019,3.380,4.305,5.746,6.342,7.264,6.818,6.712,6.299,4.049,4.014,3.732,3.562,4.148,4.316,4.396,3.678,3.957,4.246,4.577,4.551,4.787,5.384,6.431,6.936,7.050,8.805,10.291,12.323,14.096,16.530,21.188,14.509,16.658,19.054,19.152,19.614,20.131,19.056,17.646
788,Tunisia,312,358,465,555,704,841,856,948,1.082,1.272,1.507,1.414,1.326,1.283,1.237,1.261,1.318,1.384,1.408,1.378,1.642,1.697,1.978,1.826,1.916,2.172,2.323,2.211,2.295,2.389,2.214,2.255,2.346,2.762,3.113,3.194,3.372,3.778,4.310,4.130,4.140,4.257,4.138,4.200,4.272,3.815,3.657
792,Turkey,718,661,811,994,1.340,1.636,1.829,2.039,2.201,2.937,2.154,2.174,1.931,1.804,1.716,1.884,2.080,2.348,2.403,2.783,3.847,3.791,3.929,4.384,3.124,3.985,4.204,4.330,4.496,4.108,4.316,3.120,3.660,4.719,6.041,7.384,8.035,9.709,10.851,9.037,10.672,11.341,11.720,12.543,12.127,10.985,10.863
795,Turkmenistan,,,,,,,,,,,,,,,,,,,,,835,800,676,683,562,520,555,616,648,864,1.092,1.480,1.887,2.420,2.584,2.983,3.372,3.797,4.382,4.036,4.439,5.650,6.675,7.304,7.962,6.478,6.389
796,Turks and Caicos Islands,1.735,1.913,2.095,2.281,2.481,2.708,2.972,3.268,3.594,3.932,4.279,4.613,4.952,5.305,5.698,6.142,6.658,7.236,7.890,8.548,9.168,9.756,10.287,11.090,11.780,12.425,13.405,14.237,15.493,16.491,16.926,17.773,16.866,17.503,19.402,21.879,26.116,27.007,29.262,23.249,22.159,22.968,22.069,22.242,23.615,25.122,26.291
798,Tuvalu,354,372,406,502,527,501,490,454,489,502,534,579,457,475,509,406,500,602,847,917,1.060,1.121,1.176,1.046,1.244,1.274,1.350,1.444,1.395,1.475,1.302,1.350,1.519,1.880,2.186,2.162,2.258,2.638,2.927,2.594,3.005,3.643,3.512,3.467,3.419,3.226,3.307
835,U.R. of Tanzania: Mainland,179,185,204,236,275,306,321,372,432,443,500,559,573,561,499,534,366,249,281,291,277,303,261,230,230,260,312,357,382,382,391,388,393,412,440,471,464,527,651,658,694,726,812,900,948,870,881
800,Uganda,151,162,171,195,230,258,264,276,275,253,259,285,317,340,325,324,356,385,425,362,248,194,201,201,307,348,342,357,332,306,282,283,288,294,340,391,414,492,575,581,584,623,675,687,720,628,610
804,Ukraine,,,,,,,,,,,,,,,,,,,,,1.819,1.716,1.582,1.392,1.099,990,912,1.035,872,664,663,812,916,1.093,1.424,1.903,2.400,3.206,4.073,2.643,2.970,3.580,3.876,4.063,2.974,2.038,2.099
784,United Arab Emirates,4.532,5.245,6.616,10.745,24.968,26.903,30.087,33.681,28.262,33.227,42.373,44.588,39.706,34.605,32.124,29.571,23.357,23.618,22.194,23.921,27.612,26.510,26.333,25.529,25.800,27.198,28.990,29.580,27.012,28.629,33.503,31.467,31.721,33.665,36.634,39.955,42.926,43.230,46.357,33.505,35.038,40.434,42.087,43.315,44.443,39.122,37.622
826,United Kingdom,2.349,2.654,3.038,3.434,3.671,4.300,4.135,4.676,5.970,7.803,10.041,9.608,9.148,8.691,8.184,8.665,10.631,13.139,16.006,16.255,19.118,19.930,20.519,18.412,19.727,23.031,24.225,26.606,27.986,28.355,27.953,27.416,29.796,34.214,40.055,41.812,44.285,50.062,46.568,37.989,38.561,41.053,41.433,42.385,46.494,44.124,40.249
840,United States,5.133,5.523,6.011,6.636,7.130,7.705,8.487,9.341,10.453,11.565,12.458,13.844,14.287,15.393,16.937,18.049,18.882,19.846,21.202,22.621,23.679,24.214,25.400,26.454,27.817,28.849,30.134,31.633,32.986,34.643,36.473,37.289,38.182,39.688,41.960,44.366,46.523,48.163,48.516,47.108,48.485,49.889,51.559,52.899,54.852,56.640,57.808
858,Uruguay,903,1.082,868,1.109,1.535,1.351,1.410,1.571,1.870,2.658,3.650,4.048,3.293,1.895,1.789,1.735,2.142,2.668,2.736,2.785,2.971,3.543,4.508,5.213,6.028,6.609,6.976,7.328,7.711,7.247,6.872,6.281,4.089,3.622,4.117,5.221,5.878,7.010,9.062,9.415,11.938,14.166,15.092,16.881,16.738,15.525,15.221
810,USSR (Former),1.788,1.862,2.089,2.480,2.454,2.706,2.693,2.864,3.230,3.437,3.553,3.397,3.565,3.655,3.423,3.305,3.044,2.834,2.746,2.713,2.722,,,,,,,,,,,,,,,,,,,,,,,,,,
860,Uzbekistan,,,,,,,,,,,,,,,,,,,,,720,723,642,628,595,589,599,655,622,697,554,371,387,393,462,543,646,819,1.070,1.202,1.382,1.588,1.765,1.934,2.081,2.176,2.155
548,Vanuatu,445,467,601,710,686,804,753,765,906,1.159,1.073,911,884,922,1.097,1.020,968,1.005,1.156,1.106,1.169,1.355,1.372,1.372,1.464,1.621,1.649,1.630,1.459,1.461,1.432,1.347,1.362,1.580,1.788,1.886,2.047,2.393,2.698,2.643,2.966,3.275,3.159,3.167,3.148,2.899,3.097
862,Venezuela (Bolivarian Republic of),1.194,1.272,1.362,1.577,2.350,2.404,2.675,2.998,3.166,3.784,4.507,4.922,4.895,4.755,3.396,3.425,3.259,2.521,3.082,2.137,2.368,2.544,2.811,2.732,2.631,3.375,3.013,3.714,3.875,4.077,4.784,4.927,3.656,3.229,4.271,5.433,6.736,8.319,11.215,11.523,13.566,10.742,12.755,12.248,11.819,11.054,9.230
704,Viet Nam,64,68,71,72,76,80,91,106,126,134,44,34,38,56,85,79,81,83,89,94,95,110,139,182,220,276,323,347,347,361,388,403,428,478,593,684,780,901,1.143,1.211,1.310,1.515,1.723,1.871,2.012,2.065,2.171
887,Yemen,,,,,,,,,,,,,,,,,,,,283,335,330,337,341,340,387,458,475,429,500,608,611,647,697,780,925,1.078,1.178,1.360,1.224,1.230,1.281,1.288,1.359,1.273,999,920
886,Yemen Arab Republic (Former),84,98,141,126,149,177,189,210,224,239,258,272,297,299,296,302,305,309,312,319,382,,,,,,,,,,,,,,,,,,,,,,,,,,
720,Yemen Democratic (Former),105,95,104,84,87,87,110,133,156,163,193,215,249,254,262,247,208,208,211,231,266,,,,,,,,,,,,,,,,,,,,,,,,,,
890,Yugoslavia (Former),720,776,802,1.036,1.421,1.578,1.766,2.129,2.510,3.123,3.176,3.103,2.805,2.852,3.033,3.201,3.444,3.648,3.763,4.033,3.764,,,,,,,,,,,,,,,,,,,,,,,,,,
894,Zambia,370,365,414,508,604,535,548,520,563,672,733,659,678,612,474,399,294,285,457,506,473,410,391,378,411,417,383,445,356,332,342,378,377,429,530,691,1.030,1.105,1.369,1.139,1.463,1.645,1.735,1.851,1.738,1.319,1.270
836,Zanzibar,,,,,,,,,,,,,,,,,,,,,201,220,214,202,199,235,295,438,325,314,325,336,337,342,380,408,445,514,599,580,587,651,759,835,936,795,823
716,Zimbabwe,391,437,522,620,722,767,735,720,699,803,998,1.157,1.187,1.038,817,872,927,971,1.089,1.117,1.153,1.049,845,804,830,846,1.012,1.024,706,662,618,606,569,531,502,481,465,452,405,606,714,839,956,1.011,1.027,1.019,998